nk_Deal,annual_interest_rate,nb_TotalPayments,dt_LastPaymentDate,dt_LoanStartDate,dt_NextPaymentDate,am_EstimatedBalance
1,0.0585,42,10/02/2024,20/07/2022,10/03/2024,27383
2,0.1155,85,10/02/2024,24/08/2023,10/03/2024,104625
3,5.7,45,27/11/2023,10/03/2021,31/05/2023,114094.48
4,7.3,30,10/04/2023,21/09/2021,27/06/2023,69984.83
5,2.17,32,06/12/2023,23/12/2020,31/07/2023,50138.3
6,3.61,46,15/11/2023,21/11/2023,12/11/2023,72966.04
7,4.28,52,01/11/2023,04/02/2024,01/11/2023,93401.43
8,2.42,36,19/08/2023,22/04/2021,13/12/2023,149579.93
9,6.69,34,05/02/2023,23/11/2023,24/05/2023,106474.95
10,8.42,51,05/01/2024,27/08/2023,14/03/2024,79148.17
11,10.84,56,17/03/2023,01/07/2019,15/10/2023,61502.14
12,7.02,33,27/09/2023,05/03/2022,11/07/2023,88173.77
13,7.68,30,03/03/2024,27/12/2020,04/12/2023,93912.14
14,10.23,36,12/07/2023,22/10/2022,28/02/2024,75381.06
15,10.29,34,10/07/2023,21/08/2019,24/07/2023,93400.05
16,8.79,46,02/12/2023,30/03/2020,05/10/2023,110907.91
17,6.71,42,04/03/2023,12/08/2022,27/12/2023,41821.08
18,8.69,31,21/03/2023,12/01/2019,24/08/2023,23411.12
19,11.35,54,10/08/2023,24/03/2020,23/12/2023,124792.58
20,8.47,35,06/10/2023,04/04/2020,15/03/2024,90499.31
21,7.69,58,23/08/2023,02/06/2023,10/01/2024,98257.58
22,6.19,45,17/09/2023,10/05/2021,25/12/2023,56290.43
23,10.17,43,23/02/2023,13/10/2022,13/04/2024,149136.71
24,4.83,47,19/05/2023,23/05/2022,29/06/2023,58354.55
25,8.83,40,22/11/2023,21/02/2019,22/10/2023,73407.96
26,2.02,56,04/04/2023,01/05/2019,06/12/2023,102046.96
27,11.69,43,03/09/2023,18/10/2019,14/11/2023,131705.58
28,8.19,48,19/07/2023,23/07/2021,20/10/2023,4229.08
29,6.41,42,04/10/2023,30/11/2023,03/09/2023,147188.72
30,11.51,53,07/04/2023,15/05/2021,06/12/2023,107071.08
31,10.64,51,19/09/2023,29/11/2022,15/09/2023,71880.48
32,5.61,41,26/11/2023,19/11/2023,27/05/2023,64915.94
33,3.89,31,19/10/2023,06/05/2023,29/07/2023,11580.61
34,5.09,36,26/07/2023,17/12/2018,21/01/2024,19203.22
35,7.12,40,02/10/2023,10/07/2023,19/09/2023,51737.03
36,9.03,35,11/03/2024,28/02/2023,25/04/2023,35327.69
37,3.75,38,27/10/2023,26/03/2023,16/04/2023,40213.47
38,3.62,46,27/08/2023,27/05/2020,14/08/2023,133684.68
39,5.39,51,17/03/2023,11/08/2022,24/05/2023,33802.31
40,9.22,48,23/12/2023,09/04/2019,16/05/2023,75324.15
41,2.53,34,03/05/2023,01/11/2019,27/06/2023,4795.71
42,6.32,44,21/03/2023,22/08/2020,09/02/2024,54713.86
43,3.7,53,15/08/2023,10/03/2020,07/05/2023,120671.89
44,4.19,45,02/01/2024,15/08/2021,23/09/2023,102547.46
45,2.02,32,16/03/2023,14/08/2022,21/08/2023,23449.85
46,8.02,52,08/10/2023,28/05/2020,19/10/2023,56368.27
47,9.17,58,06/11/2023,21/02/2024,19/05/2023,139840.18
48,2.24,52,07/07/2023,21/10/2022,26/01/2024,144884.11
49,11.03,45,24/03/2023,06/10/2020,07/01/2024,84224.47
50,8.36,34,11/05/2023,10/02/2022,01/07/2023,149853.17
51,10.1,39,25/01/2024,20/01/2019,30/07/2023,65984.1
52,5.32,57,06/06/2023,12/03/2020,19/04/2024,93958.97
53,7.72,41,10/10/2023,02/01/2023,02/07/2023,96182.12
54,11.09,35,12/07/2023,09/02/2024,27/05/2023,18576.83
55,9.62,35,08/10/2023,15/07/2021,22/07/2023,69583.69
56,6.51,54,10/02/2023,03/09/2022,01/02/2024,67359.75
57,7.42,41,07/02/2024,20/07/2023,25/06/2023,44216.07
58,9.5,30,08/09/2023,06/11/2018,28/05/2023,147267.93
59,4.63,48,27/12/2023,15/01/2020,10/05/2023,45447.68
60,2.04,39,12/02/2024,25/05/2021,26/06/2023,10914.5
61,11.8,55,07/03/2023,03/07/2020,04/03/2024,40230.76
62,6.1,44,23/02/2023,31/08/2019,20/10/2023,35514.93
63,5.38,51,09/02/2024,16/02/2020,25/04/2023,62984.12
64,3.65,47,19/11/2023,29/01/2019,28/12/2023,43702.09
65,7.45,40,31/01/2024,06/04/2019,21/09/2023,8963.09
66,7.69,42,07/06/2023,10/03/2024,24/06/2023,7131.84
67,5.4,38,03/02/2024,30/10/2021,17/01/2024,130202.13
68,11.33,52,23/11/2023,02/08/2020,05/01/2024,107221.34
69,6.41,50,12/03/2023,20/12/2020,26/06/2023,79442.8
70,5.04,42,14/08/2023,26/11/2018,02/12/2023,122703.6
71,3.2,36,30/12/2023,11/02/2022,08/01/2024,91358.5
72,2.96,32,18/02/2023,10/09/2022,03/01/2024,29770.56
73,8.88,42,20/08/2023,08/02/2020,04/05/2023,16342.35
74,2.44,32,28/09/2023,29/03/2019,20/03/2024,125443.32
75,6.66,45,04/02/2023,13/08/2022,04/03/2024,22453.18
76,9.59,59,23/07/2023,19/06/2022,15/06/2023,98756.47
77,5.84,30,05/06/2023,20/01/2019,15/11/2023,35612.9
78,10.81,56,16/07/2023,26/10/2019,28/04/2023,111787.01
79,2.71,54,07/02/2023,27/02/2023,14/06/2023,51250.93
80,3.6,55,28/10/2023,20/07/2022,10/09/2023,139636.69
81,7.2,47,04/12/2023,01/09/2019,23/07/2023,43525.42
82,4.91,41,19/02/2024,25/02/2023,02/01/2024,94332.68
83,4.81,42,28/10/2023,06/07/2021,19/03/2024,119267.78
84,8.48,34,15/07/2023,01/09/2022,08/04/2023,103594.81
85,3.78,59,01/05/2023,09/07/2021,10/01/2024,98466.85
86,2.34,56,17/07/2023,06/11/2019,02/10/2023,61505.98
87,2.03,58,27/05/2023,09/04/2019,05/10/2023,95681.84
88,4.93,48,20/05/2023,25/12/2018,30/09/2023,64483.02
89,11,47,10/03/2023,11/01/2020,02/06/2023,70697.7
90,9.06,38,06/04/2023,20/04/2021,08/09/2023,57182.81
91,8.27,33,08/05/2023,30/08/2022,11/10/2023,36463.93
92,10.66,49,03/03/2023,10/06/2022,28/05/2023,93028.37
93,8.52,46,19/02/2024,01/09/2019,30/06/2023,118711.72
94,9.89,33,03/03/2023,06/01/2020,05/12/2023,135823.81
95,3.52,31,21/05/2023,20/04/2020,29/03/2024,122435.45
96,9.37,33,01/10/2023,20/03/2023,22/03/2024,70172.03
97,9.34,35,11/04/2023,29/01/2020,09/05/2023,83561.88
98,3.09,42,06/03/2023,25/11/2018,05/06/2023,119283.57
99,9.27,55,10/10/2023,08/02/2020,08/03/2024,86787.96
100,7.1,59,12/08/2023,11/11/2018,12/11/2023,63571.23
101,5.84,32,26/05/2023,19/02/2021,15/09/2023,59001.81
102,5.41,39,01/10/2023,11/09/2019,07/02/2024,75017.53
103,10.32,59,18/11/2023,15/03/2020,01/11/2023,11154.89
104,4.13,34,29/10/2023,05/09/2023,25/01/2024,27969.47
105,5.41,30,09/12/2023,01/03/2024,17/12/2023,46188.21
106,9.82,40,09/02/2024,16/07/2020,04/07/2023,117871.52
107,11.27,57,01/04/2023,03/02/2021,06/05/2023,66247.85
108,8.03,39,01/08/2023,29/04/2022,28/04/2023,8144.91
109,5.98,42,26/11/2023,09/03/2021,07/02/2024,138516.36
110,6.7,34,27/06/2023,10/08/2020,08/08/2023,12737.92
111,6.99,58,29/06/2023,04/09/2019,21/12/2023,72842.17
112,3.12,39,24/06/2023,02/12/2023,03/10/2023,111735.21
113,3.21,34,19/02/2024,29/12/2020,23/04/2024,66837.75
114,11.87,37,23/04/2023,28/11/2019,08/06/2023,139397.77
115,2.98,49,21/03/2023,19/02/2019,17/05/2023,116311.35
116,2.09,49,13/02/2023,01/02/2022,14/04/2023,93983.19
117,6.73,47,19/02/2023,14/03/2019,07/05/2023,67077.19
118,4.19,46,21/10/2023,08/02/2021,29/09/2023,66888.41
119,8.69,43,12/06/2023,21/08/2021,05/01/2024,22721.04
120,11.38,32,25/12/2023,10/11/2020,09/09/2023,54348.12
121,11.62,43,13/12/2023,09/11/2020,15/10/2023,99425.61
122,9.79,46,17/07/2023,24/02/2024,05/05/2023,93809.12
123,3.17,37,29/01/2024,09/02/2024,25/02/2024,120413.92
124,7.33,34,27/12/2023,25/04/2020,03/01/2024,5304.45
125,11.86,43,04/09/2023,26/04/2019,22/04/2024,118018.64
126,3.43,30,26/03/2023,23/12/2018,29/08/2023,97970.15
127,3.94,58,05/03/2023,13/11/2019,10/11/2023,14337.76
128,10.2,32,27/05/2023,22/10/2023,15/12/2023,112801.43
129,11.07,56,06/12/2023,21/05/2021,25/04/2023,38762.41
130,7.1,43,17/06/2023,16/06/2021,18/12/2023,135385.08
131,11.13,39,09/11/2023,18/08/2019,28/12/2023,83122.86
132,6.58,52,10/06/2023,28/12/2019,04/10/2023,95643.46
133,10.65,52,03/01/2024,19/08/2022,04/07/2023,124103.29
134,2.64,42,15/01/2024,06/11/2020,11/02/2024,38734.19
135,6.82,59,23/07/2023,15/09/2022,25/09/2023,105558.2
136,10.67,59,06/10/2023,01/02/2020,03/10/2023,108914.32
137,2.97,47,04/02/2024,01/10/2022,07/02/2024,19028.71
138,5.58,58,05/02/2023,29/06/2019,12/05/2023,104259.89
139,7.49,48,26/12/2023,30/01/2020,21/07/2023,4603.2
140,11.43,35,19/07/2023,14/01/2024,18/09/2023,122324.39
141,11.65,39,01/08/2023,03/12/2020,29/03/2024,123728.8
142,4.64,57,20/08/2023,28/11/2021,20/03/2024,120687.28
143,8.79,56,31/07/2023,03/09/2019,15/04/2023,137380.79
144,3.38,36,27/05/2023,06/02/2022,14/12/2023,46589.1
145,5.97,54,29/12/2023,09/01/2023,19/07/2023,30076.43
146,6.51,31,28/03/2023,05/04/2022,28/12/2023,88027.8
147,7.08,48,02/07/2023,21/04/2019,09/10/2023,16761.19
148,9.38,37,10/12/2023,30/09/2023,14/06/2023,15307.24
149,2.09,44,18/09/2023,11/07/2022,30/07/2023,29821.64
150,4.1,42,06/03/2023,25/06/2020,04/06/2023,27096.32
151,11.36,32,22/01/2024,22/10/2020,25/09/2023,87270.71
152,7.57,45,25/05/2023,24/02/2022,11/03/2024,84676.58
153,5.91,53,28/11/2023,11/12/2021,01/11/2023,149368.74
154,9.63,33,05/02/2023,23/04/2023,21/08/2023,125658.19
155,7.67,36,09/04/2023,28/09/2019,04/07/2023,134213.03
156,11.64,33,20/11/2023,18/04/2023,18/04/2024,90137.89
157,2.54,33,27/05/2023,13/02/2023,28/01/2024,145529.3
158,7.85,40,09/08/2023,23/01/2020,28/05/2023,8521.11
159,2.54,51,20/02/2024,10/03/2023,05/07/2023,31372.37
160,3.93,41,17/06/2023,19/03/2024,16/10/2023,14564.25
161,5.75,39,05/06/2023,05/10/2022,27/09/2023,146186.02
162,4.13,42,13/12/2023,02/12/2020,16/07/2023,137996.73
163,2.7,57,12/01/2024,06/03/2023,27/11/2023,142070.4
164,8.61,43,03/11/2023,24/01/2024,07/08/2023,19957.96
165,5.47,34,07/03/2024,11/09/2019,12/06/2023,84133.63
166,4.05,39,30/12/2023,08/11/2018,29/04/2024,114155.19
167,4.63,31,05/08/2023,19/03/2023,20/01/2024,106396.2
168,5.87,34,17/03/2023,08/09/2019,14/07/2023,145582.55
169,9.84,46,14/11/2023,28/04/2019,09/10/2023,86045.13
170,8.98,30,13/09/2023,12/12/2019,22/10/2023,64179.12
171,11.14,35,24/03/2023,16/12/2019,06/06/2023,84118.82
172,7.28,33,16/04/2023,03/05/2021,22/11/2023,143611.9
173,5.12,53,27/09/2023,22/12/2022,29/04/2024,9549.43
174,4.5,33,08/11/2023,15/07/2019,19/04/2024,6696.68
175,4.88,31,07/03/2023,07/01/2023,26/07/2023,28546.37
176,6.06,32,22/11/2023,31/05/2021,24/06/2023,95925.04
177,7.35,31,08/05/2023,02/11/2018,23/09/2023,125901.83
178,11.46,44,04/06/2023,20/09/2022,22/06/2023,147924.47
179,9.17,56,21/02/2024,01/12/2023,06/04/2024,105261.38
180,6.32,32,10/05/2023,20/11/2023,17/11/2023,38700.02
181,11.21,53,13/07/2023,22/01/2023,26/08/2023,82136.46
182,10.96,37,28/06/2023,16/04/2021,11/05/2023,41266.12
183,9.06,31,03/09/2023,20/05/2019,25/01/2024,96305.55
184,9.03,54,13/02/2023,01/06/2021,23/08/2023,108411.23
185,4.61,32,28/04/2023,28/10/2020,24/12/2023,44325.09
186,3.7,30,08/03/2023,03/10/2022,28/07/2023,92098.27
187,2.69,30,11/08/2023,05/09/2021,01/01/2024,19519.73
188,6.34,55,22/02/2023,19/06/2021,26/02/2024,143968.26
189,2.18,50,27/03/2023,18/06/2022,23/01/2024,122293.07
190,6.49,46,12/02/2023,08/12/2021,02/10/2023,123872.06
191,6.94,36,16/10/2023,15/03/2021,29/08/2023,107137.7
192,4.03,57,02/12/2023,10/09/2020,30/07/2023,31099.97
193,11.45,56,25/05/2023,18/12/2022,15/07/2023,79275.99
194,5.02,44,12/02/2023,24/01/2024,17/10/2023,125869.36
195,4.77,45,09/07/2023,26/04/2020,30/03/2024,83974.67
196,2.73,45,07/11/2023,25/01/2024,07/10/2023,76776.77
197,2.57,50,23/06/2023,01/11/2018,20/03/2024,14596.64
198,3.12,32,14/11/2023,14/09/2022,13/04/2024,22741.29
199,4.13,37,28/01/2024,30/07/2020,15/03/2024,141173.24
200,6.37,45,30/03/2023,01/04/2019,23/06/2023,22720.12
201,2.51,57,12/04/2023,06/11/2019,16/09/2023,90461.71
202,7.71,57,12/05/2023,06/08/2019,23/07/2023,65654.75
203,6.98,30,02/06/2023,16/11/2023,17/04/2024,71007.08
204,4.13,42,02/05/2023,16/08/2021,25/06/2023,127892.07
205,8.6,46,27/05/2023,16/06/2020,03/08/2023,122499.59
206,6.04,40,09/11/2023,15/11/2022,25/01/2024,8044.15
207,2.07,37,03/07/2023,22/01/2024,05/12/2023,113257.73
208,3.62,43,10/09/2023,03/03/2022,02/05/2023,29368.33
209,9.03,48,18/10/2023,30/09/2020,14/06/2023,80275.51
210,4.16,60,12/09/2023,23/07/2022,14/09/2023,5251.96
211,8.92,42,10/07/2023,07/10/2019,25/02/2024,92724.98
212,9.15,39,19/03/2023,03/10/2021,08/08/2023,113234.06
213,2.58,52,08/12/2023,12/02/2022,04/02/2024,37633.85
214,3.44,39,07/06/2023,18/12/2019,07/04/2023,126893.31
215,7.04,34,14/07/2023,25/08/2019,04/08/2023,15672.97
216,9.07,40,12/01/2024,17/02/2024,25/03/2024,56300.16
217,7.36,34,15/02/2024,01/07/2020,07/07/2023,100313.68
218,6.87,45,08/01/2024,02/01/2022,18/04/2023,59660.08
219,3.52,58,03/02/2024,30/05/2023,13/11/2023,97046.31
220,8.1,58,10/01/2024,15/10/2020,12/11/2023,8710.51
221,11.68,35,26/05/2023,07/03/2024,12/01/2024,131172.13
222,2.58,46,07/08/2023,25/01/2021,30/01/2024,83421.11
223,2.36,34,03/01/2024,22/12/2023,07/08/2023,130013.97
224,11.1,45,31/01/2024,13/06/2023,06/03/2024,142351.2
225,10.13,42,18/04/2023,16/01/2019,02/11/2023,43209.18
226,10,43,14/11/2023,22/02/2019,08/10/2023,34320.64
227,10.96,33,19/06/2023,12/09/2022,29/05/2023,139298.55
228,4.17,38,22/09/2023,25/06/2019,21/04/2024,61368.24
229,8.18,51,03/08/2023,13/08/2020,02/01/2024,60133.85
230,11.08,55,17/02/2024,25/07/2023,20/05/2023,135274.23
231,8.93,40,17/05/2023,22/12/2018,09/04/2024,9913.66
232,10.3,43,27/05/2023,30/03/2020,25/04/2023,101695.75
233,2.34,56,09/04/2023,23/12/2021,21/12/2023,85274.28
234,8.25,57,23/05/2023,29/06/2019,02/05/2023,143716.62
235,9.39,45,10/01/2024,11/12/2020,27/06/2023,138631.01
236,6.58,33,02/04/2023,11/09/2021,21/12/2023,147950.04
237,5.66,43,30/10/2023,28/04/2019,17/03/2024,145627.91
238,7.59,39,06/08/2023,16/12/2023,07/04/2023,25984.56
239,9,49,06/08/2023,09/12/2019,10/08/2023,32444.67
240,7.22,41,14/02/2024,17/09/2023,24/11/2023,32253.01
241,8.69,55,03/07/2023,16/04/2020,01/09/2023,17481.66
242,7.72,51,20/07/2023,12/02/2019,08/09/2023,133374.96
243,4.12,34,23/03/2023,11/12/2020,19/04/2023,57299.2
244,2.12,49,26/09/2023,27/07/2019,08/08/2023,42007.97
245,10.81,56,07/03/2024,13/08/2023,23/06/2023,44454.56
246,3.15,44,24/12/2023,20/11/2021,01/09/2023,32118.24
247,10.68,38,15/12/2023,28/03/2024,11/06/2023,44643.23
248,11.7,52,12/07/2023,13/10/2022,02/09/2023,27701.28
249,8.35,41,13/07/2023,24/06/2019,16/03/2024,144587.37
250,3.57,54,31/03/2023,29/11/2022,01/04/2024,120855.34
251,7.54,52,01/09/2023,28/11/2020,04/05/2023,10459.75
252,8.39,35,28/11/2023,31/12/2018,14/09/2023,90179.39
253,9.06,55,23/12/2023,21/03/2021,21/03/2024,16664.55
254,10.94,55,13/03/2023,12/02/2023,25/04/2023,115765.33
255,9.97,49,19/07/2023,03/03/2021,22/04/2023,76914.99
256,3.76,38,08/02/2023,20/12/2023,01/05/2023,6373.7
257,8.32,48,03/05/2023,22/08/2022,05/05/2023,109690.41
258,3.35,45,25/10/2023,24/03/2020,24/06/2023,77359.11
259,5.65,55,28/11/2023,14/07/2022,09/05/2023,31212.18
260,2.9,48,25/10/2023,02/07/2019,03/05/2023,68819.66
261,9.87,51,17/02/2024,09/06/2020,08/08/2023,34817.77
262,7.97,48,29/07/2023,04/09/2023,16/02/2024,119621.64
263,6.51,44,18/09/2023,20/08/2020,30/01/2024,64003.62
264,5.96,54,26/12/2023,18/09/2021,13/03/2024,71396.65
265,8.33,30,12/10/2023,26/01/2024,17/08/2023,66250.44
266,7.94,36,03/11/2023,22/02/2020,20/04/2023,80816.02
267,7.98,33,27/07/2023,04/12/2020,04/03/2024,120833.53
268,6.84,46,07/03/2024,14/02/2021,12/12/2023,30182.22
269,3.17,36,03/03/2023,22/01/2022,19/05/2023,29493.18
270,11.76,54,05/07/2023,08/05/2021,28/11/2023,38258.43
271,10.29,44,18/09/2023,05/11/2021,21/07/2023,52963.81
272,5.86,60,16/08/2023,22/09/2021,30/04/2023,51678.33
273,11.46,60,28/04/2023,14/08/2020,05/09/2023,5132.64
274,4.42,57,14/02/2024,11/02/2021,18/04/2024,47542.46
275,5.3,42,30/12/2023,25/04/2021,26/12/2023,71881.33
276,10.49,55,04/09/2023,22/02/2024,14/05/2023,11660.43
277,5.77,56,28/11/2023,27/09/2019,22/06/2023,33818.41
278,10.44,45,12/03/2023,15/05/2019,18/12/2023,102214.02
279,10.93,33,03/08/2023,14/01/2021,23/01/2024,51323.07
280,10.8,53,26/06/2023,29/09/2020,30/09/2023,37689.88
281,3.02,57,10/01/2024,09/02/2020,21/01/2024,96513.82
282,3.82,51,12/09/2023,08/03/2021,07/12/2023,64772.63
283,4.87,49,24/11/2023,10/01/2022,17/05/2023,16914.88
284,9.75,55,21/12/2023,11/01/2020,04/09/2023,103219.71
285,2.81,40,14/04/2023,07/12/2019,15/01/2024,45391.48
286,2.14,41,17/10/2023,15/05/2020,28/12/2023,63559.54
287,2.91,30,23/09/2023,24/03/2021,13/02/2024,51388
288,11.75,42,07/01/2024,11/01/2020,14/02/2024,146947.88
289,6.2,45,15/03/2023,28/03/2023,28/05/2023,30474.78
290,5.36,34,08/05/2023,10/01/2019,12/09/2023,71542.16
291,5.82,37,29/07/2023,18/07/2020,06/04/2023,148904.84
292,2.53,31,13/02/2023,29/04/2021,22/07/2023,48432.63
293,4.51,54,29/12/2023,09/04/2020,15/08/2023,96086.18
294,5.92,37,18/12/2023,29/05/2022,16/05/2023,30277.52
295,3.24,39,15/10/2023,11/11/2023,25/01/2024,76232.88
296,10.51,53,23/07/2023,11/01/2021,06/07/2023,143881.71
297,4.52,48,07/03/2024,16/03/2019,05/06/2023,53559.53
298,3.34,42,03/07/2023,22/02/2019,02/12/2023,22395.53
299,2.96,46,06/12/2023,07/01/2020,21/05/2023,148748.9
300,7.52,43,02/06/2023,02/05/2022,20/01/2024,12150.78
301,7.62,35,02/09/2023,18/08/2020,22/02/2024,118698.46
302,10.01,32,29/10/2023,29/09/2019,23/04/2024,29239.39
303,9.01,40,18/12/2023,29/01/2022,19/10/2023,37379.78
304,3.08,39,07/03/2023,30/01/2024,12/10/2023,79769.38
305,8.27,54,29/10/2023,20/11/2021,06/04/2023,110956.29
306,7.86,39,03/09/2023,08/01/2022,03/04/2024,17040.99
307,6.61,38,05/12/2023,17/10/2020,26/01/2024,30579.11
308,8.93,38,04/02/2023,17/07/2021,14/02/2024,116829.35
309,9.51,49,05/10/2023,03/09/2019,07/12/2023,64845.33
310,8.07,56,16/10/2023,01/11/2020,11/04/2024,125877.39
311,8.04,51,12/12/2023,29/12/2020,13/07/2023,27430.63
312,8.8,32,20/02/2024,12/12/2020,09/01/2024,18954.4
313,5.22,59,19/11/2023,15/10/2019,02/01/2024,24580.94
314,5.55,34,22/02/2023,29/11/2021,04/04/2024,107409.01
315,6.16,51,16/09/2023,29/05/2021,09/03/2024,96878.69
316,11.33,34,09/06/2023,12/12/2022,13/10/2023,132909.18
317,11.91,34,14/12/2023,25/04/2021,18/03/2024,25859.1
318,9.46,44,01/05/2023,23/11/2019,30/09/2023,17900.56
319,3.76,59,01/01/2024,15/12/2023,12/09/2023,134674.29
320,8.64,41,06/02/2024,16/08/2021,20/10/2023,74750.05
321,8.73,57,24/03/2023,10/01/2024,10/07/2023,11346.31
322,3.18,49,01/09/2023,19/05/2023,10/10/2023,43354.81
323,7.86,34,02/12/2023,14/12/2019,07/10/2023,50746.38
324,10.95,60,03/11/2023,03/06/2021,10/06/2023,148895.61
325,4.01,38,01/05/2023,02/10/2021,26/11/2023,139021.62
326,4.89,39,05/03/2024,11/08/2020,03/09/2023,126883.17
327,5.57,55,30/11/2023,19/02/2019,16/05/2023,97494.87
328,7.68,41,11/11/2023,04/01/2023,11/03/2024,38123.23
329,11.52,31,26/11/2023,16/02/2019,09/04/2023,15325.52
330,2.99,56,01/04/2023,10/08/2023,28/08/2023,60702.79
331,9,59,06/02/2024,20/11/2019,26/05/2023,35179.24
332,9.67,44,30/05/2023,20/10/2019,17/04/2024,37766.09
333,3.95,54,23/10/2023,12/05/2019,28/08/2023,50889.92
334,8.3,41,20/06/2023,01/10/2021,28/05/2023,85140.3
335,8.03,30,14/03/2023,09/11/2023,24/08/2023,114609.14
336,3.58,43,07/03/2024,08/08/2021,09/06/2023,9870.66
337,2.84,47,09/12/2023,07/04/2019,26/10/2023,124825.12
338,5.59,47,09/06/2023,07/05/2021,20/04/2024,134297.72
339,11.34,59,10/09/2023,17/11/2022,11/12/2023,44108.25
340,3.77,44,16/10/2023,19/02/2021,31/08/2023,94458.5
341,7.12,48,23/02/2023,08/01/2024,12/01/2024,28866.95
342,7.39,36,18/06/2023,28/11/2023,25/02/2024,84956.35
343,5.37,32,10/02/2024,07/11/2018,28/04/2024,8404.44
344,10.72,39,06/01/2024,07/08/2023,31/10/2023,81552.88
345,11.28,53,18/09/2023,29/12/2018,03/01/2024,34007.15
346,9.09,44,07/01/2024,24/10/2020,14/08/2023,72327.42
347,10.41,41,13/05/2023,01/12/2019,01/02/2024,119298.91
348,8.84,36,07/02/2024,08/12/2020,04/04/2023,14374.15
349,7.52,49,26/02/2023,21/11/2023,19/01/2024,37281.76
350,6.24,48,26/02/2023,23/06/2022,29/06/2023,25361.6
351,5.89,41,14/11/2023,26/08/2023,24/08/2023,59111.81
352,2.71,34,07/07/2023,07/08/2022,28/11/2023,3756.17
353,5.61,60,16/11/2023,12/04/2021,30/10/2023,16519.59
354,9.17,49,12/07/2023,24/07/2022,09/11/2023,25004.98
355,2.79,34,01/08/2023,29/10/2022,21/02/2024,75249.53
356,3.43,47,18/07/2023,07/09/2023,14/04/2024,12702.91
357,7.54,37,07/09/2023,02/01/2019,31/01/2024,5777.15
358,3.6,33,16/01/2024,27/12/2023,02/06/2023,39411.36
359,9.81,36,02/03/2024,22/01/2023,18/08/2023,18045.89
360,6.83,34,06/12/2023,31/07/2019,15/06/2023,138339.27
361,7.39,35,27/09/2023,01/04/2022,11/07/2023,28403.66
362,6.62,35,03/01/2024,09/07/2023,13/07/2023,39978.79
363,2.68,53,20/05/2023,03/07/2023,12/03/2024,8100.98
364,9.81,34,19/09/2023,25/01/2023,30/03/2024,48625.01
365,2.48,52,26/03/2023,14/10/2020,06/04/2024,104103.95
366,8.18,59,14/04/2023,01/12/2018,27/07/2023,128967.7
367,5.4,43,03/09/2023,10/11/2018,22/11/2023,26031.59
368,10.55,52,04/11/2023,09/04/2023,07/06/2023,52547.58
369,11.43,53,18/02/2024,16/03/2023,04/05/2023,104614.24
370,9.29,39,24/04/2023,31/03/2022,28/05/2023,102143.9
371,2.26,37,17/04/2023,06/11/2023,20/01/2024,17545.43
372,4.41,44,27/08/2023,17/11/2021,25/12/2023,34320.58
373,10.34,58,26/02/2024,08/06/2023,18/02/2024,138063.46
374,10.48,32,17/04/2023,24/05/2019,03/03/2024,42844.81
375,7.77,59,29/04/2023,20/01/2019,08/09/2023,10817.57
376,7.83,34,27/02/2023,29/11/2021,25/02/2024,59876.26
377,7.03,34,22/03/2023,21/04/2022,11/01/2024,64148.19
378,3.85,41,16/01/2024,28/08/2019,26/11/2023,124346.79
379,11.23,52,10/11/2023,22/01/2020,17/05/2023,89891.62
380,3.06,48,28/02/2024,22/12/2021,23/12/2023,73382.88
381,8.5,53,07/04/2023,15/03/2022,13/12/2023,147355.55
382,3.97,51,31/12/2023,20/03/2021,19/03/2024,11811.32
383,7.5,57,30/12/2023,22/07/2021,17/05/2023,18753.28
384,3.73,59,23/08/2023,11/05/2021,12/12/2023,43826.88
385,6.27,36,18/05/2023,05/06/2023,02/09/2023,121717.22
386,6.05,57,30/05/2023,21/02/2022,18/07/2023,23948.25
387,4.32,32,09/06/2023,31/10/2023,22/04/2023,69750.98
388,8.83,37,25/08/2023,04/03/2019,29/11/2023,23143.53
389,4.69,38,27/10/2023,14/07/2022,02/02/2024,7683.97
390,8.39,46,22/09/2023,30/01/2021,16/07/2023,37558.64
391,8.86,50,26/11/2023,08/05/2023,20/08/2023,47759.25
392,6.53,40,11/06/2023,14/01/2023,16/10/2023,132332.67
393,9,32,13/04/2023,23/09/2020,17/08/2023,148635.15
394,4.52,50,25/05/2023,08/09/2022,25/12/2023,28217.23
395,10.92,57,22/11/2023,10/05/2020,12/08/2023,105628.15
396,2.74,51,17/02/2023,26/01/2019,13/11/2023,55036.52
397,7.74,60,03/02/2024,24/08/2022,26/07/2023,98883.11
398,8.59,55,09/05/2023,21/07/2021,15/07/2023,64308.16
399,3.15,43,22/09/2023,19/08/2019,11/12/2023,64908.19
400,6.16,41,21/11/2023,03/09/2022,20/08/2023,61163.22
401,5.77,31,29/05/2023,06/01/2023,01/06/2023,9179.78
402,10.91,47,29/01/2024,25/02/2024,28/09/2023,101449.26
403,9.97,44,15/01/2024,21/11/2018,04/01/2024,70008.2
404,5.5,53,02/08/2023,25/11/2022,18/09/2023,24859.09
405,11.19,35,07/03/2023,15/08/2023,23/02/2024,109706.97
406,9.46,59,15/12/2023,01/06/2021,16/05/2023,45723.56
407,6.46,43,12/02/2023,28/06/2021,27/04/2024,106342.87
408,5.95,56,10/05/2023,17/06/2021,12/02/2024,72186.74
409,3.92,34,03/03/2024,12/03/2019,06/10/2023,85075.02
410,7.48,36,31/07/2023,03/09/2021,23/02/2024,129143.72
411,11.02,36,19/02/2024,18/03/2020,04/03/2024,124906.42
412,5.44,53,23/04/2023,12/12/2022,15/02/2024,50752.26
413,5.38,35,29/03/2023,08/07/2023,09/09/2023,149968.76
414,3.48,53,28/04/2023,30/12/2023,17/04/2023,35118.95
415,6.52,55,21/02/2024,19/09/2021,14/03/2024,127541.78
416,4.25,49,09/04/2023,11/01/2021,01/03/2024,30927.47
417,8.85,42,13/11/2023,05/12/2018,21/07/2023,92395.06
418,3.3,45,17/09/2023,23/06/2023,29/06/2023,50851.86
419,11.93,59,28/09/2023,22/11/2022,27/12/2023,145004.46
420,5.73,58,09/11/2023,22/12/2020,27/10/2023,32452.14
421,6.83,32,19/05/2023,11/07/2019,22/07/2023,25533.59
422,8.91,41,27/06/2023,10/11/2022,21/03/2024,135171.82
423,5.65,34,02/09/2023,09/02/2022,13/01/2024,16709.92
424,2.4,46,09/02/2023,28/03/2022,10/04/2023,59380.83
425,9.45,51,17/07/2023,29/05/2019,29/11/2023,88228.34
426,6.5,49,27/03/2023,04/10/2023,28/06/2023,125328.09
427,7.99,43,30/09/2023,07/05/2023,06/07/2023,134337.41
428,9.59,33,15/08/2023,05/07/2019,18/07/2023,29603.01
429,6,51,18/03/2023,01/10/2021,06/12/2023,45986.01
430,8.41,34,26/06/2023,21/02/2022,27/07/2023,125061.48
431,9.78,36,08/07/2023,17/02/2022,14/12/2023,83833.59
432,5.64,48,06/05/2023,09/08/2019,14/01/2024,3126.45
433,10.87,54,13/05/2023,01/01/2019,29/08/2023,36133.2
434,5.69,60,12/02/2023,14/01/2023,05/12/2023,47290.38
435,3.18,31,05/10/2023,23/05/2021,29/12/2023,88929.64
436,6.47,56,23/07/2023,18/12/2020,09/03/2024,49697.51
437,2.34,34,12/09/2023,23/06/2019,21/04/2024,37577.39
438,9.74,39,05/11/2023,29/05/2019,06/04/2023,58393.58
439,2.3,55,02/05/2023,21/06/2023,26/10/2023,73416.74
440,3.1,32,09/01/2024,03/03/2021,28/06/2023,90559.89
441,2.75,36,25/02/2024,13/07/2023,15/04/2023,71517.95
442,6.77,53,27/01/2024,25/06/2020,24/09/2023,12181.71
443,6.78,32,26/02/2024,06/11/2023,29/04/2024,29804.91
444,7.74,38,29/09/2023,06/07/2021,21/11/2023,35837.24
445,8.65,44,09/03/2023,19/10/2020,02/03/2024,110988.71
446,4.7,47,18/10/2023,01/11/2019,11/06/2023,38404.37
447,5.29,31,23/06/2023,27/09/2020,30/07/2023,38518.95
448,8.48,38,10/11/2023,14/02/2020,28/03/2024,101731.87
449,10.38,55,09/01/2024,26/11/2021,08/10/2023,8406.56
450,6.5,37,15/11/2023,29/10/2021,24/02/2024,19981.79
451,4.67,33,04/04/2023,30/10/2022,10/10/2023,36259.39
452,2.17,42,06/02/2024,10/11/2019,19/10/2023,100735.97
453,4.3,31,10/07/2023,16/08/2019,22/07/2023,100031.04
454,7.13,44,23/06/2023,12/09/2020,05/05/2023,73190.19
455,11.34,35,13/12/2023,25/10/2023,24/02/2024,89204.29
456,3.28,31,05/04/2023,08/04/2021,27/08/2023,24909.11
457,10.98,52,31/01/2024,17/03/2020,14/03/2024,136470.6
458,9.56,51,22/08/2023,19/12/2018,20/08/2023,5431.13
459,8.27,55,28/03/2023,14/12/2022,07/11/2023,95900.65
460,10.36,51,25/04/2023,28/08/2022,12/01/2024,6050.34
461,4.7,59,24/11/2023,25/07/2020,19/12/2023,18652.11
462,4.68,36,20/03/2023,15/10/2019,31/01/2024,149126.43
463,11.36,33,06/07/2023,30/08/2020,23/12/2023,140738.19
464,11.56,36,15/11/2023,06/09/2019,29/08/2023,95637.46
465,7.85,52,12/05/2023,21/07/2019,04/04/2024,56652.44
466,9.55,35,20/02/2024,13/11/2022,11/11/2023,10728.9
467,8.29,48,07/10/2023,29/01/2022,09/04/2024,98713.39
468,11.94,39,29/05/2023,19/02/2024,02/04/2024,112418.11
469,6.63,41,06/08/2023,28/09/2022,04/05/2023,103843.41
470,4.42,45,01/03/2023,11/08/2021,14/10/2023,93813.81
471,4.86,52,22/09/2023,09/07/2022,12/12/2023,118738.97
472,11.59,38,11/02/2023,25/01/2023,21/10/2023,31944.92
473,10.5,30,06/09/2023,19/07/2020,23/02/2024,119166.28
474,4.29,36,01/03/2024,30/12/2020,26/10/2023,111156
475,2.92,54,26/08/2023,31/10/2022,02/10/2023,80480.19
476,9.91,49,07/06/2023,22/08/2021,02/08/2023,73828.81
477,11.69,53,02/02/2023,11/03/2024,22/02/2024,25488.93
478,10.65,38,23/05/2023,09/09/2020,05/09/2023,79484.9
479,2.99,41,27/10/2023,28/04/2023,13/11/2023,12295.68
480,9.69,55,03/05/2023,05/08/2021,16/06/2023,21676.18
481,8.87,44,02/11/2023,24/03/2022,09/02/2024,64422.98
482,11.08,44,08/10/2023,24/11/2023,02/01/2024,11832.05
483,9.4,56,29/07/2023,04/12/2018,10/03/2024,69032.07
484,8.69,46,21/06/2023,25/11/2018,01/12/2023,39333.7
485,4.39,33,22/06/2023,22/03/2020,08/07/2023,104637.93
486,10,47,03/04/2023,25/05/2021,02/10/2023,44235.22
487,7.3,31,26/07/2023,22/06/2020,05/08/2023,147223.2
488,4.97,56,18/02/2024,02/03/2020,06/11/2023,73325.94
489,10.09,51,02/08/2023,16/07/2020,04/08/2023,44723.9
490,7.01,44,24/02/2024,06/12/2020,05/10/2023,124299.54
491,5.08,56,08/10/2023,08/09/2019,20/01/2024,17158.48
492,10.08,55,06/10/2023,11/10/2023,16/10/2023,93904.54
493,2.91,30,14/08/2023,04/08/2020,18/06/2023,145655.62
494,2.75,33,14/06/2023,09/06/2019,27/11/2023,76715.16
495,11.21,33,17/07/2023,16/06/2020,17/03/2024,116810.92
496,4.75,41,11/12/2023,07/06/2021,24/12/2023,81078.6
497,10.33,32,01/06/2023,09/09/2021,12/09/2023,101439.18
498,11.99,39,10/03/2024,11/04/2022,27/10/2023,127341.97
499,7.42,42,10/11/2023,15/12/2018,05/04/2023,118202.06
500,10.79,54,17/05/2023,23/10/2021,18/04/2023,83207.18
501,7.74,59,08/06/2023,15/03/2020,12/12/2023,17407.24
502,11.32,50,19/06/2023,25/05/2021,10/09/2023,142810.33
503,9.87,43,08/04/2023,15/09/2021,18/04/2024,149295.2
504,2.4,35,11/04/2023,16/02/2022,19/01/2024,42094.29
505,2.93,41,31/07/2023,06/04/2020,26/05/2023,143923.06
506,10.2,58,03/06/2023,06/10/2019,14/04/2024,64183.16
507,7.5,54,07/12/2023,16/07/2020,02/03/2024,68560.96
508,11.38,54,09/03/2024,05/12/2023,25/07/2023,119585.78
509,9.15,57,20/11/2023,23/10/2022,01/06/2023,84160.62
510,4.19,55,19/08/2023,12/03/2023,27/04/2024,133296.98
511,7.33,35,20/04/2023,30/03/2019,07/06/2023,47082.14
512,9.06,47,31/10/2023,28/07/2021,18/04/2024,65699.98
513,10.74,39,12/11/2023,14/04/2020,30/04/2023,124984.4
514,10.57,59,25/04/2023,22/04/2022,12/02/2024,37877.52
515,9.34,41,20/09/2023,21/11/2018,13/08/2023,66261.55
516,7.1,52,12/03/2024,10/04/2019,29/03/2024,110223.53
517,4.52,34,19/02/2024,20/10/2021,10/04/2024,39967.36
518,9.51,48,01/03/2023,17/04/2022,08/07/2023,60630.48
519,11.58,44,31/10/2023,15/06/2020,23/08/2023,48756.05
520,3.3,48,11/01/2024,07/05/2021,04/01/2024,75854.39
521,10.6,32,02/08/2023,15/06/2023,04/12/2023,12860.56
522,11.24,59,16/03/2023,18/11/2023,08/12/2023,45515.75
523,10.15,45,21/04/2023,28/01/2023,15/03/2024,53658.55
524,10.09,51,19/06/2023,23/04/2022,12/12/2023,16959.5
525,6.65,36,04/04/2023,18/11/2022,08/09/2023,86682.6
526,2.5,37,21/10/2023,17/05/2019,14/04/2023,33913.01
527,4.78,45,03/03/2023,21/04/2022,18/06/2023,15883.01
528,10.81,52,13/09/2023,09/08/2020,16/04/2024,68908.72
529,6.13,52,10/01/2024,14/09/2020,15/03/2024,52105.49
530,10.57,52,03/08/2023,12/12/2018,21/08/2023,9602.55
531,7.93,40,08/02/2024,30/11/2020,10/01/2024,52837.56
532,10.52,48,01/02/2023,17/06/2019,13/06/2023,27597.72
533,11.88,45,11/09/2023,14/05/2019,04/05/2023,14106.3
534,3.56,40,23/03/2023,15/07/2022,24/03/2024,22828.05
535,10.3,46,09/03/2024,27/10/2022,04/03/2024,93800.32
536,4.66,48,20/01/2024,25/07/2020,04/01/2024,104083.58
537,9.38,45,16/01/2024,15/12/2022,20/10/2023,88213.19
538,8.05,39,06/02/2024,12/10/2021,07/04/2024,139777.14
539,8.71,57,14/02/2024,05/04/2022,26/10/2023,70715.17
540,7.38,42,01/02/2024,29/12/2022,13/03/2024,44729
541,6.36,39,30/06/2023,31/12/2018,26/06/2023,145396.29
542,9.56,32,23/09/2023,03/06/2019,28/03/2024,82405.53
543,4.07,36,05/03/2023,20/12/2020,23/10/2023,135120.02
544,10.55,32,21/07/2023,22/12/2023,10/09/2023,36819.28
545,9.15,38,16/09/2023,16/11/2021,20/02/2024,129268.89
546,7.99,49,09/09/2023,01/05/2019,01/07/2023,23882.74
547,9.92,41,12/08/2023,09/06/2021,03/04/2023,18672.36
548,4.41,37,10/02/2024,29/06/2022,29/10/2023,36866.57
549,10.7,48,16/05/2023,28/11/2022,13/01/2024,113218.26
550,3.52,30,06/12/2023,26/03/2020,07/05/2023,98161.19
551,3.54,36,30/03/2023,08/06/2020,12/09/2023,101013.07
552,4.43,54,24/02/2023,13/01/2019,30/11/2023,40145.18
553,11.73,51,23/09/2023,05/11/2021,10/10/2023,36731.45
554,5.53,41,16/11/2023,06/01/2022,26/11/2023,143330.33
555,10.66,56,13/05/2023,07/03/2020,18/04/2024,141812.34
556,6.03,60,02/12/2023,12/09/2020,18/09/2023,7152.89
557,11.82,32,21/12/2023,12/07/2019,27/01/2024,118152.9
558,8.49,50,12/04/2023,06/09/2022,14/06/2023,125749.92
559,4.36,54,04/03/2024,19/12/2022,02/01/2024,90845.77
560,7.05,58,05/12/2023,27/11/2022,15/04/2024,81345.25
561,8.01,57,05/02/2023,19/06/2020,02/04/2023,110270.22
562,7.1,45,02/12/2023,03/06/2023,05/09/2023,137419.77
563,4.38,59,22/12/2023,18/02/2024,28/07/2023,17210.21
564,6.62,40,02/03/2024,08/03/2019,21/12/2023,47845.47
565,10.58,59,18/05/2023,23/02/2020,02/08/2023,50427.96
566,6.39,35,27/05/2023,08/02/2023,12/06/2023,28038.78
567,3.28,46,14/03/2024,08/12/2022,26/04/2023,11571.43
568,10.99,36,02/11/2023,16/09/2019,05/04/2023,118756.46
569,3.76,52,11/02/2023,28/07/2023,23/12/2023,63137.73
570,11.21,45,14/06/2023,25/07/2021,09/11/2023,63575.7
571,10.76,49,07/07/2023,27/07/2022,14/03/2024,14821.92
572,4.14,55,29/05/2023,22/02/2019,24/05/2023,6056.92
573,8.16,37,13/01/2024,11/02/2024,07/05/2023,27606.97
574,8.14,49,13/12/2023,30/08/2022,10/09/2023,58592.93
575,5.47,38,15/02/2023,24/09/2020,26/12/2023,115095.19
576,8.47,45,04/02/2023,06/05/2019,12/10/2023,6881.71
577,5.53,36,16/03/2023,14/02/2023,22/03/2024,87645.93
578,2.62,47,11/01/2024,13/10/2023,06/04/2024,137071.56
579,2.45,39,06/07/2023,17/10/2023,02/11/2023,11814.42
580,2.46,43,10/04/2023,05/11/2022,10/06/2023,12198.71
581,5.14,49,09/10/2023,15/08/2023,30/04/2023,18088.46
582,2.08,43,08/07/2023,18/09/2022,23/12/2023,94154.58
583,10.15,39,11/06/2023,20/08/2019,20/04/2023,120398.66
584,11.32,59,25/07/2023,16/03/2019,10/11/2023,110458.07
585,3.85,47,17/10/2023,08/07/2021,26/02/2024,31017.22
586,3.03,43,22/10/2023,02/08/2020,22/08/2023,111869.1
587,7.39,34,18/08/2023,02/12/2019,03/12/2023,45458.49
588,6.94,40,03/03/2023,21/01/2021,21/04/2024,71666.93
589,9.04,48,18/12/2023,17/01/2023,21/07/2023,84628.72
590,6.09,30,01/11/2023,10/03/2019,16/09/2023,8984.92
591,6.02,43,29/09/2023,21/08/2023,15/07/2023,138435.35
592,4.99,37,15/12/2023,01/03/2022,01/02/2024,11093.77
593,9.64,42,16/08/2023,03/11/2023,06/09/2023,119675.7
594,11.18,51,10/04/2023,27/02/2024,17/02/2024,19452.76
595,4.43,41,28/07/2023,25/11/2022,29/06/2023,78907.3
596,4.68,35,04/03/2023,26/03/2024,08/12/2023,33594.44
597,8.82,30,07/05/2023,30/10/2023,29/08/2023,88660.71
598,11.6,58,02/01/2024,26/01/2021,03/12/2023,13162.65
599,11.46,31,25/12/2023,09/11/2023,18/06/2023,71054.28
600,11.09,30,01/04/2023,02/11/2021,06/09/2023,29023.31
601,8.45,53,30/01/2024,04/11/2022,29/06/2023,126171.58
602,6.4,54,11/07/2023,09/10/2020,12/01/2024,40352.43
603,4.45,54,18/06/2023,03/10/2022,05/04/2024,23357.16
604,9.87,60,06/02/2024,08/02/2020,06/11/2023,65372.34
605,5.09,40,04/12/2023,07/01/2023,29/04/2023,83655.17
606,5.63,35,26/05/2023,31/12/2021,29/08/2023,112663.3
607,5.22,49,19/08/2023,06/02/2023,19/08/2023,70124.12
608,10.13,58,25/12/2023,02/03/2022,04/03/2024,54057.03
609,10.25,56,30/11/2023,13/12/2021,06/04/2023,96497.92
610,11.02,55,02/12/2023,19/07/2021,10/07/2023,97817.58
611,10.51,45,27/12/2023,25/07/2023,21/03/2024,27855.54
612,6.08,43,13/09/2023,27/01/2022,31/07/2023,118340.42
613,4.6,59,20/04/2023,31/07/2022,08/10/2023,3642.99
614,5.75,50,12/11/2023,10/12/2019,29/05/2023,7130.56
615,3.76,49,27/02/2024,10/02/2022,19/07/2023,97591.62
616,3.92,51,12/05/2023,25/01/2024,16/08/2023,31339.96
617,6.77,31,14/09/2023,22/12/2020,30/11/2023,104526.91
618,10,42,15/10/2023,05/11/2021,06/06/2023,5021.95
619,9.39,42,13/07/2023,22/06/2022,30/01/2024,122494.6
620,8.3,37,06/02/2024,13/03/2024,23/04/2024,89905.03
621,7.65,46,07/07/2023,21/06/2020,26/01/2024,65117.06
622,5.3,31,18/02/2023,07/12/2020,03/02/2024,52661.37
623,7.02,43,01/05/2023,28/02/2023,11/05/2023,69916.29
624,2.44,31,24/05/2023,30/07/2022,31/08/2023,27640.46
625,10.94,60,14/02/2024,07/03/2019,23/07/2023,120334.17
626,6.61,53,02/03/2023,19/01/2022,30/04/2023,14543.1
627,3.24,36,26/10/2023,30/05/2022,04/09/2023,111473.19
628,9.37,40,16/02/2023,21/05/2023,22/05/2023,125540.69
629,11.27,48,10/01/2024,04/11/2020,12/05/2023,63517.13
630,7.64,30,27/05/2023,11/10/2023,28/10/2023,101110.93
631,7.13,56,29/05/2023,23/12/2023,30/08/2023,110486.75
632,3.75,58,28/05/2023,08/12/2022,28/04/2023,114049.36
633,3.52,54,08/02/2024,10/01/2023,18/05/2023,140519.17
634,2.12,34,01/03/2024,17/04/2021,14/08/2023,107419.86
635,11.75,42,08/06/2023,14/11/2022,05/06/2023,103757.11
636,6.37,43,17/08/2023,17/02/2021,12/01/2024,140710.57
637,3.17,45,27/12/2023,31/12/2020,26/03/2024,88765.61
638,3.48,32,09/08/2023,11/01/2022,01/11/2023,64870.31
639,6.21,59,08/01/2024,08/07/2021,13/03/2024,42266.89
640,2.71,39,04/02/2023,02/05/2022,28/02/2024,26343.44
641,5.72,34,01/11/2023,24/01/2019,14/04/2023,48466.15
642,7.34,36,28/02/2024,10/10/2020,01/12/2023,4109.61
643,6.16,39,05/03/2024,27/05/2021,26/04/2024,14500.65
644,4.03,44,19/04/2023,15/09/2021,20/05/2023,66562.68
645,3.25,39,14/01/2024,12/09/2021,10/05/2023,108228.45
646,9.72,59,17/09/2023,23/07/2022,06/08/2023,22409.95
647,4.76,34,13/04/2023,01/03/2021,08/03/2024,144350.36
648,4.74,31,20/08/2023,31/12/2022,26/12/2023,88574.68
649,7.47,44,03/07/2023,12/09/2020,17/04/2023,147353.76
650,7.77,33,13/05/2023,24/08/2019,10/06/2023,137097.96
651,8.88,55,16/09/2023,11/12/2021,22/04/2024,3071.06
652,11.29,42,27/06/2023,17/02/2023,15/02/2024,26394.42
653,4.27,37,29/09/2023,07/12/2023,04/10/2023,146054.11
654,11.21,43,28/06/2023,08/09/2022,21/04/2023,45213.51
655,10.98,40,29/01/2024,17/07/2023,02/04/2024,11296.68
656,2.11,42,03/05/2023,23/09/2021,15/04/2023,90907.98
657,3.3,35,25/12/2023,26/02/2020,08/01/2024,3642.43
658,7.94,33,10/05/2023,12/10/2021,11/07/2023,73405.89
659,2.83,34,26/05/2023,23/03/2024,29/06/2023,91955.68
660,10.77,57,30/03/2023,13/11/2023,04/08/2023,75241.31
661,2.91,33,14/02/2023,30/01/2020,05/07/2023,15734.09
662,10.87,43,13/03/2023,29/03/2022,29/11/2023,102854.33
663,10.47,38,12/07/2023,21/02/2024,24/03/2024,93874.18
664,6.11,32,11/07/2023,01/07/2022,04/04/2023,76419.5
665,3.62,50,21/11/2023,19/07/2021,13/11/2023,59144.3
666,9.96,58,09/03/2024,09/12/2019,26/06/2023,108192.65
667,7.67,54,06/09/2023,27/10/2023,26/04/2023,87724.97
668,5.37,37,19/03/2023,29/11/2019,29/04/2023,29656.23
669,2.4,35,30/03/2023,15/01/2022,21/05/2023,94516.01
670,10.86,31,14/05/2023,20/10/2019,03/06/2023,65039.4
671,5.26,41,08/02/2024,16/07/2023,22/09/2023,20544.63
672,8.57,55,11/02/2024,30/04/2020,14/05/2023,108738.38
673,9.6,36,31/08/2023,18/12/2018,04/03/2024,39024.64
674,3.51,46,19/04/2023,12/10/2022,14/11/2023,51458.88
675,6.36,38,04/04/2023,19/03/2021,03/08/2023,74261.91
676,5.22,41,14/11/2023,02/02/2021,02/10/2023,35701.55
677,6.8,34,01/08/2023,16/01/2019,23/09/2023,54995.33
678,6.38,39,28/03/2023,19/05/2022,20/04/2024,77340.49
679,7.13,32,25/11/2023,22/08/2021,18/03/2024,113805.4
680,10.45,42,30/10/2023,21/09/2020,29/08/2023,44246.33
681,2.38,50,30/04/2023,12/08/2020,28/06/2023,92949.03
682,6.19,44,23/02/2023,18/01/2024,21/02/2024,137619.63
683,6.69,40,07/02/2024,26/06/2022,23/04/2023,133782.35
684,9.03,30,04/02/2024,05/11/2019,13/04/2024,83192.81
685,2.9,42,28/05/2023,04/07/2020,16/06/2023,37026.85
686,3.89,55,20/12/2023,23/11/2021,03/01/2024,73389.19
687,5.92,48,25/09/2023,13/12/2018,29/11/2023,82713.55
688,9.72,48,26/12/2023,30/11/2018,25/06/2023,92082.69
689,5.81,60,22/03/2023,27/04/2022,20/05/2023,53418.45
690,4.2,32,11/10/2023,08/06/2020,25/02/2024,42488.19
691,9.5,54,31/03/2023,17/10/2019,07/11/2023,21559.06
692,8.35,54,10/10/2023,14/01/2019,27/11/2023,84751.21
693,5.18,36,11/03/2024,13/03/2024,20/04/2023,103848.98
694,5.35,59,11/11/2023,16/04/2023,24/01/2024,74854.58
695,10.38,31,26/08/2023,08/08/2023,27/09/2023,96879.63
696,4.97,33,03/10/2023,12/02/2021,04/10/2023,106599.56
697,10.76,58,25/12/2023,12/08/2022,07/06/2023,91296.75
698,3.15,34,08/12/2023,07/03/2019,15/06/2023,62665.22
699,7.18,52,25/06/2023,25/12/2020,22/05/2023,141860.75
700,4.73,57,08/04/2023,12/02/2024,02/09/2023,78159.16
701,7.54,51,01/02/2024,23/04/2021,08/08/2023,117313.49
702,4.06,52,23/02/2023,10/12/2022,26/05/2023,121592.53
703,4.7,52,17/03/2023,28/05/2021,13/06/2023,108298.27
704,8.18,51,17/07/2023,08/06/2019,30/10/2023,105807.67
705,4.86,31,01/04/2023,16/12/2018,15/11/2023,114559.96
706,5.88,55,28/05/2023,15/08/2019,15/06/2023,29224.05
707,8.66,56,25/12/2023,07/10/2023,11/08/2023,133931.24
708,10.1,51,09/11/2023,27/01/2024,28/10/2023,12598.49
709,7.55,42,20/05/2023,26/04/2022,25/04/2024,133031.35
710,10.64,57,16/02/2024,07/05/2020,30/08/2023,121543.39
711,6.9,37,04/09/2023,07/03/2022,23/05/2023,84012.84
712,8.92,57,16/08/2023,09/04/2019,06/10/2023,109394.39
713,10.43,38,10/02/2023,06/10/2019,05/04/2024,131763.62
714,7.75,57,25/01/2024,21/07/2019,23/05/2023,118814.5
715,4.78,42,06/01/2024,17/07/2020,28/10/2023,115653
716,8.31,52,14/07/2023,04/11/2019,23/02/2024,82671.03
717,4.17,53,31/03/2023,17/05/2023,08/11/2023,49925.67
718,7.93,42,20/03/2023,14/11/2019,19/02/2024,51628.35
719,3.93,34,21/06/2023,30/04/2023,21/08/2023,101346.11
720,3.53,41,14/04/2023,17/12/2018,30/10/2023,17237.24
721,6.86,58,21/04/2023,20/03/2020,05/04/2024,92008.66
722,7.87,60,14/02/2024,23/04/2020,25/06/2023,41226.2
723,9.24,45,08/09/2023,16/11/2021,19/09/2023,32146.47
724,8.61,35,22/04/2023,05/04/2021,20/12/2023,107279.37
725,2.75,45,01/04/2023,09/08/2019,04/10/2023,82848.56
726,3.96,53,12/08/2023,11/08/2022,01/05/2023,5670.88
727,10.49,44,23/06/2023,16/03/2020,02/04/2023,117519.75
728,8.58,54,29/05/2023,13/05/2023,25/12/2023,3813.7
729,10.81,30,17/12/2023,03/02/2024,10/07/2023,4145.48
730,9.05,59,14/03/2023,21/11/2022,30/08/2023,113807.04
731,10.4,38,01/03/2023,04/11/2022,12/02/2024,119399.3
732,4.95,56,21/04/2023,06/07/2020,18/06/2023,98467.51
733,4.42,59,05/12/2023,04/07/2022,08/03/2024,145175.64
734,5.91,45,14/05/2023,31/03/2021,11/07/2023,106896.53
735,11.16,35,13/12/2023,14/03/2020,10/05/2023,3299.26
736,9.52,46,01/02/2024,23/03/2021,25/08/2023,5414.13
737,6.04,46,14/05/2023,29/10/2021,15/10/2023,68868.58
738,3.29,59,15/03/2023,06/05/2023,15/12/2023,107380.06
739,7.63,57,12/07/2023,14/11/2018,09/09/2023,95521.39
740,10.3,49,29/12/2023,30/10/2023,02/12/2023,75852.45
741,4.98,42,18/02/2024,21/07/2020,18/10/2023,14929.87
742,10.39,30,14/03/2024,29/12/2021,01/03/2024,58114.42
743,5.38,51,22/02/2024,18/01/2019,10/04/2023,81524.82
744,9.31,60,01/10/2023,19/11/2018,18/04/2023,77569.24
745,7.47,44,06/10/2023,23/06/2021,03/11/2023,137966.4
746,8.32,41,14/04/2023,23/06/2019,09/12/2023,133997.07
747,11.09,51,21/02/2024,15/04/2022,29/12/2023,90485.5
748,6.79,57,28/04/2023,14/06/2021,06/12/2023,75927.18
749,8.54,53,25/02/2023,18/01/2021,13/09/2023,104972.98
750,2.01,60,28/09/2023,19/02/2020,27/04/2023,64118.72
751,7.44,51,11/01/2024,01/08/2020,16/08/2023,47012.08
752,9.86,60,27/08/2023,08/06/2019,03/09/2023,64827.55
753,10.52,36,26/02/2024,16/01/2019,09/09/2023,149425.47
754,11.54,52,29/03/2023,25/02/2021,23/08/2023,85821.28
755,7.46,46,01/10/2023,29/01/2022,01/08/2023,57203.14
756,10.03,37,12/02/2024,10/03/2024,14/03/2024,55434.04
757,3.71,60,02/06/2023,11/11/2020,28/09/2023,125376.4
758,4.45,38,18/02/2023,11/07/2020,28/08/2023,6044.63
759,5.06,33,27/04/2023,29/12/2019,12/10/2023,122188.89
760,9.22,42,05/02/2024,09/07/2021,05/09/2023,42490.54
761,3.3,37,17/09/2023,20/03/2022,25/09/2023,84312.95
762,4.5,58,28/10/2023,12/10/2020,27/05/2023,18145.53
763,2.34,41,25/08/2023,25/11/2022,21/04/2024,111259.59
764,5.22,58,24/09/2023,06/12/2020,10/04/2024,142886.34
765,7.72,53,25/02/2023,02/06/2023,13/06/2023,112987.26
766,9.24,48,03/06/2023,20/12/2021,15/05/2023,35282.89
767,10.67,52,05/01/2024,08/08/2022,03/04/2023,99820.28
768,9.99,35,29/06/2023,17/02/2023,20/09/2023,119369.83
769,10.97,45,03/07/2023,15/02/2019,13/02/2024,101867.98
770,7.14,48,18/02/2024,30/03/2022,30/11/2023,107311.28
771,4.11,43,24/08/2023,12/03/2024,08/09/2023,68418.04
772,9.8,44,19/11/2023,11/12/2023,27/09/2023,140763.61
773,11.83,36,12/01/2024,02/05/2020,14/03/2024,143306.64
774,5.08,35,31/01/2024,27/04/2021,13/05/2023,52512.01
775,11.9,49,03/03/2023,01/05/2021,27/10/2023,114675.94
776,7.91,49,22/03/2023,09/01/2023,29/04/2024,114616.79
777,5.97,30,03/08/2023,07/01/2019,02/09/2023,23696.11
778,4.04,45,08/01/2024,23/04/2022,09/04/2024,37121.12
779,6.33,36,08/03/2023,12/07/2021,19/08/2023,116718.4
780,9.93,52,03/04/2023,03/01/2022,29/08/2023,63935.32
781,9.12,41,05/01/2024,10/03/2019,09/02/2024,139690.45
782,10.56,39,04/11/2023,06/06/2021,20/02/2024,101049.4
783,4.36,43,21/08/2023,27/07/2023,23/09/2023,26876.95
784,3.81,50,23/04/2023,15/07/2020,15/04/2023,32722.25
785,5.49,59,15/10/2023,14/08/2021,12/10/2023,38681.33
786,9.18,30,14/07/2023,12/07/2022,18/09/2023,119128.93
787,11.27,56,16/09/2023,16/12/2020,02/04/2024,53957.58
788,5.6,54,05/03/2023,17/10/2019,05/04/2024,42027.89
789,2.86,55,10/01/2024,17/05/2021,15/11/2023,93545.98
790,5.06,33,22/05/2023,11/10/2019,12/06/2023,125927.74
791,5.71,58,20/04/2023,15/03/2022,04/04/2023,142929.84
792,10.35,55,08/02/2024,12/04/2022,15/04/2023,58835.56
793,3.33,49,24/03/2023,15/09/2023,12/04/2023,110448.99
794,6.87,47,01/09/2023,08/01/2023,20/05/2023,13329.62
795,4.01,49,24/11/2023,16/08/2023,07/05/2023,52253.95
796,9.7,48,02/01/2024,22/09/2019,18/08/2023,51169.62
797,6.91,55,14/11/2023,20/06/2019,26/01/2024,79210.74
798,8.79,39,29/09/2023,12/10/2022,14/07/2023,117620.33
799,7.1,33,29/01/2024,29/11/2019,24/10/2023,136630.22
800,3.35,31,09/11/2023,12/01/2019,09/05/2023,124125.72
801,4.02,55,29/10/2023,26/02/2024,06/12/2023,72842.39
802,8.57,35,15/06/2023,07/09/2023,17/09/2023,119534.1
803,10.85,53,19/08/2023,26/04/2020,27/08/2023,27838.56
804,6.53,35,11/01/2024,15/12/2018,07/05/2023,3580.12
805,7.65,43,15/01/2024,10/12/2023,09/03/2024,78296.64
806,6.45,41,08/08/2023,31/08/2023,09/07/2023,114555.57
807,9.66,44,09/06/2023,16/08/2022,31/03/2024,127559.84
808,9.04,46,11/01/2024,07/01/2020,05/02/2024,104908.16
809,2.75,32,02/05/2023,21/11/2022,20/06/2023,115463.86
810,9.55,59,09/10/2023,19/06/2019,13/09/2023,45769.98
811,10.34,55,12/05/2023,11/12/2022,13/10/2023,39531.27
812,9.63,50,25/06/2023,18/11/2023,30/11/2023,46969.46
813,3.72,51,03/06/2023,12/04/2020,07/01/2024,71721.38
814,6.77,49,09/11/2023,31/05/2022,28/04/2024,96483.58
815,10.88,40,16/05/2023,31/10/2019,13/01/2024,31671.35
816,5.18,49,18/12/2023,28/08/2022,22/09/2023,126556.83
817,11.49,38,08/02/2023,13/07/2021,05/02/2024,107680.43
818,10.07,51,21/06/2023,02/09/2020,08/12/2023,108707.23
819,8.32,52,05/02/2024,22/09/2019,03/03/2024,11882.6
820,4.16,52,26/12/2023,05/06/2021,16/10/2023,54151.07
821,6.19,45,09/11/2023,10/11/2021,21/04/2023,65310.88
822,11.26,48,01/05/2023,01/05/2022,26/05/2023,25348.9
823,9.75,46,17/02/2024,21/09/2022,13/11/2023,115117.67
824,4.18,55,30/09/2023,20/11/2018,14/11/2023,95425.13
825,11.38,45,16/04/2023,18/07/2022,16/12/2023,94883.25
826,8.9,30,14/06/2023,15/06/2022,28/12/2023,124757.82
827,11.49,33,11/02/2024,15/10/2021,04/02/2024,42256.64
828,3.67,50,29/02/2024,10/08/2021,10/09/2023,116736.09
829,11.78,50,18/02/2023,08/04/2020,27/01/2024,64882.35
830,10.56,57,24/08/2023,05/11/2021,01/02/2024,42034.76
831,8.5,44,30/05/2023,14/10/2021,28/06/2023,86759.48
832,5.64,57,10/03/2024,09/12/2022,29/02/2024,133927.35
833,9.01,56,07/07/2023,15/12/2019,06/08/2023,137281.48
834,9.71,55,19/11/2023,30/08/2022,09/09/2023,113403.66
835,4.9,46,04/12/2023,23/11/2021,12/02/2024,12970.43
836,3.57,35,02/01/2024,14/01/2022,09/07/2023,32562.68
837,10.81,51,13/08/2023,06/01/2021,03/04/2024,141404.28
838,4.45,40,20/09/2023,20/10/2019,25/11/2023,44840.45
839,4.94,51,10/06/2023,02/01/2023,01/12/2023,50239.89
840,10.73,58,03/03/2023,15/01/2023,28/01/2024,8149.55
841,8.36,36,11/02/2024,03/02/2024,06/07/2023,119150.2
842,11.1,49,16/02/2023,27/07/2021,01/03/2024,22987.7
843,4.26,35,09/01/2024,21/02/2020,08/11/2023,72209.01
844,4.26,49,29/10/2023,16/07/2023,02/07/2023,64518.11
845,6.44,40,22/12/2023,14/11/2021,13/04/2024,75293.91
846,10.08,58,16/07/2023,31/12/2020,08/02/2024,141447.93
847,7.53,44,18/02/2023,27/03/2020,18/11/2023,133308.43
848,7.81,54,16/08/2023,16/11/2021,11/05/2023,76477.07
849,6.59,33,16/03/2023,25/04/2020,07/01/2024,42397.06
850,2.46,39,02/06/2023,30/04/2020,29/09/2023,128483.67
851,4.67,57,14/11/2023,08/04/2022,05/11/2023,3118.08
852,7.09,48,02/02/2023,31/07/2019,31/10/2023,79707.13
853,11.78,47,16/07/2023,22/01/2023,24/10/2023,6929.87
854,9.48,45,11/03/2023,02/02/2021,17/07/2023,83574.66
855,7.19,36,12/10/2023,07/06/2022,22/09/2023,17201.98
856,6.98,57,17/12/2023,01/09/2019,12/02/2024,70263.47
857,6.34,56,24/11/2023,02/09/2023,25/08/2023,91739.58
858,3.92,42,10/10/2023,20/03/2023,16/10/2023,24661.5
859,3.33,40,11/10/2023,04/02/2019,06/03/2024,50373.57
860,2.76,31,02/12/2023,22/08/2020,28/12/2023,148618.61
861,5.1,40,05/05/2023,27/10/2023,24/12/2023,136951.72
862,10.07,45,22/11/2023,06/12/2022,21/09/2023,32888.79
863,2.41,40,28/09/2023,25/12/2020,01/07/2023,79661.74
864,8.8,30,24/05/2023,22/04/2022,18/03/2024,133785.51
865,9.05,38,20/02/2023,17/11/2023,16/07/2023,15389.97
866,5.14,60,31/10/2023,29/01/2024,19/04/2023,16027.53
867,7.54,60,20/12/2023,20/03/2020,16/03/2024,136421.31
868,2.76,53,22/01/2024,27/07/2019,30/09/2023,108752.56
869,6.94,56,22/11/2023,01/04/2021,13/10/2023,138206.52
870,10.77,53,03/02/2023,06/06/2021,20/04/2024,9156.76
871,4.19,36,04/02/2023,30/10/2020,27/04/2024,33132.54
872,11.31,38,19/12/2023,27/10/2023,05/11/2023,81110.24
873,4.16,45,07/02/2024,22/02/2024,17/09/2023,78942.21
874,4.59,42,11/02/2024,09/01/2021,19/03/2024,114044.76
875,8.64,48,07/06/2023,07/12/2020,08/05/2023,25212.93
876,8.06,39,15/11/2023,02/09/2020,05/11/2023,149143.97
877,10.01,42,16/05/2023,31/05/2023,05/02/2024,54805.56
878,8.96,44,11/07/2023,28/05/2020,21/05/2023,135326.34
879,9.71,31,26/12/2023,24/12/2023,05/03/2024,58665.77
880,2.25,50,02/02/2023,11/01/2024,17/10/2023,143939.58
881,2.7,33,06/09/2023,12/04/2019,19/06/2023,64426.24
882,8.89,51,24/04/2023,19/09/2023,30/09/2023,16987.71
883,5.11,49,11/07/2023,22/05/2021,09/02/2024,108873.04
884,8.2,50,21/11/2023,01/01/2020,18/11/2023,31302.05
885,8.48,59,19/11/2023,17/10/2019,19/03/2024,56948.17
886,6.46,34,06/10/2023,18/05/2020,05/08/2023,82061.15
887,9.48,56,09/03/2024,18/02/2022,28/11/2023,60232.41
888,4.6,59,19/03/2023,03/06/2019,27/04/2024,111211.25
889,7.77,30,08/08/2023,27/05/2021,16/05/2023,27831.71
890,8.54,36,23/04/2023,24/04/2023,09/10/2023,38146.56
891,3.24,58,07/09/2023,07/01/2019,12/02/2024,16627.76
892,4.72,53,18/10/2023,19/09/2020,22/09/2023,10087.3
893,2.41,49,18/05/2023,14/07/2022,03/01/2024,136609.94
894,5.89,33,24/05/2023,24/08/2022,16/04/2024,27044.33
895,7.62,38,16/05/2023,07/02/2019,04/01/2024,58913.42
896,11.12,49,12/06/2023,26/05/2022,17/04/2023,25254.77
897,6.94,47,18/02/2023,10/01/2021,26/09/2023,138524.68
898,9.93,59,21/11/2023,15/08/2019,30/07/2023,116958.42
899,4.2,48,12/04/2023,20/08/2022,17/03/2024,60135.43
900,8.58,51,02/06/2023,20/03/2019,05/11/2023,97809.22
901,5.68,50,04/03/2024,15/06/2020,25/05/2023,102906.95
902,5.73,57,26/07/2023,28/05/2020,11/09/2023,146936.6
903,2.91,39,31/08/2023,03/09/2020,08/02/2024,91599.79
904,6.6,37,23/07/2023,14/03/2021,19/01/2024,78607.41
905,3.47,32,30/07/2023,09/11/2019,10/10/2023,30982.62
906,4.88,54,02/04/2023,04/10/2023,28/06/2023,37410.58
907,4.54,44,19/11/2023,20/06/2022,01/02/2024,102660.15
908,4.92,32,12/10/2023,20/11/2023,08/06/2023,94150.56
909,5.66,46,19/11/2023,04/11/2019,24/10/2023,130775.25
910,11.04,57,04/03/2023,25/03/2019,24/10/2023,28407.77
911,11.29,53,22/10/2023,27/05/2020,25/05/2023,81673.18
912,9.19,39,09/02/2023,16/07/2022,17/04/2023,25096.85
913,3.9,42,02/07/2023,31/12/2022,07/08/2023,30402.45
914,6.95,58,31/10/2023,10/12/2021,07/05/2023,33300.57
915,3.54,51,17/07/2023,03/04/2022,25/09/2023,40795.81
916,5.9,52,01/06/2023,21/02/2019,03/10/2023,51053.72
917,2.81,39,27/06/2023,30/06/2021,16/11/2023,121172.96
918,6.56,47,28/07/2023,17/06/2019,15/07/2023,98965.93
919,3.7,35,16/05/2023,12/09/2023,07/03/2024,11768.96
920,11.22,40,17/06/2023,13/01/2019,05/04/2023,68088.61
921,7.14,44,06/05/2023,16/12/2023,02/05/2023,144119.38
922,8.82,43,08/01/2024,06/06/2020,13/11/2023,116232.66
923,5.33,59,22/02/2023,16/11/2021,28/07/2023,118724.39
924,2.72,55,07/05/2023,07/08/2023,11/11/2023,61192.27
925,4.63,38,05/02/2024,21/06/2023,23/09/2023,80439.28
926,5.32,45,06/08/2023,06/04/2022,07/10/2023,41839.01
927,5.91,48,22/02/2024,04/02/2022,19/04/2024,33992.83
928,3.81,44,01/06/2023,11/05/2023,31/07/2023,22245.46
929,4.25,58,03/11/2023,30/03/2020,27/12/2023,132395.16
930,2.42,37,03/12/2023,29/12/2019,21/09/2023,18039.57
931,6.36,46,24/02/2024,20/01/2019,07/01/2024,8646.93
932,10.86,44,16/08/2023,01/04/2019,17/04/2023,85827.98
933,3.27,58,10/02/2024,30/09/2022,11/05/2023,134012.26
934,9.45,38,13/06/2023,09/10/2023,05/04/2024,108016.38
935,10.02,42,18/06/2023,08/10/2019,01/03/2024,23806.46
936,11.63,57,07/01/2024,13/04/2019,20/09/2023,96452.84
937,5.22,39,10/08/2023,31/12/2022,23/01/2024,78742.77
938,7.43,52,20/05/2023,17/11/2022,09/02/2024,59846.31
939,6.89,37,27/04/2023,15/10/2021,08/11/2023,95116.61
940,2.78,39,25/10/2023,05/05/2022,23/01/2024,102810.68
941,8.13,45,05/11/2023,29/01/2020,12/10/2023,74391.5
942,10.7,59,01/01/2024,29/07/2022,20/07/2023,7517.3
943,7.81,37,14/07/2023,12/12/2021,14/04/2023,82656.64
944,7.47,55,13/01/2024,09/08/2022,25/06/2023,97411.29
945,9.19,31,13/01/2024,27/04/2023,18/10/2023,121203.53
946,11.96,47,14/05/2023,08/08/2022,10/10/2023,120825.17
947,11.61,38,07/10/2023,30/08/2021,02/06/2023,57684.78
948,3.04,46,10/02/2024,08/08/2021,16/05/2023,16063.4
949,2.18,31,07/03/2023,13/03/2024,28/02/2024,5964.32
950,11.01,38,02/03/2023,13/11/2020,25/09/2023,112811.19
951,11.66,50,16/10/2023,11/01/2020,10/02/2024,28470.32
952,4.64,47,27/11/2023,17/11/2018,30/03/2024,134891.88
953,11.24,32,19/02/2023,15/06/2023,20/09/2023,6560.69
954,8.21,48,25/08/2023,28/05/2019,30/01/2024,47135.27
955,9.31,51,18/02/2024,22/08/2021,30/01/2024,47193.51
956,10.85,33,02/12/2023,01/02/2021,09/05/2023,134815.06
957,3.85,38,20/11/2023,06/11/2018,15/09/2023,146100.04
958,10.98,54,20/09/2023,08/04/2022,19/10/2023,147975.79
959,3.28,40,14/02/2024,04/11/2020,01/05/2023,82526.09
960,6.09,51,29/01/2024,09/01/2020,27/01/2024,6379.56
961,6.56,54,01/04/2023,20/07/2020,20/06/2023,53860.24
962,9.59,41,25/11/2023,27/11/2021,05/12/2023,46187.25
963,9.15,51,14/01/2024,06/12/2021,26/12/2023,68448.35
964,5.84,35,01/06/2023,11/06/2021,24/01/2024,51929.63
965,3.3,33,20/10/2023,05/12/2020,06/08/2023,90183.12
966,10.59,52,12/09/2023,05/08/2023,21/07/2023,64272.13
967,11.79,59,17/06/2023,11/07/2021,17/10/2023,68602.18
968,7.61,45,18/04/2023,18/06/2022,14/11/2023,14597.38
969,6.3,50,06/07/2023,03/10/2023,22/07/2023,125413.9
970,9.9,31,25/06/2023,26/05/2020,12/07/2023,36479.86
971,5.57,55,26/09/2023,21/04/2019,07/07/2023,87029.28
972,6.99,48,29/09/2023,23/04/2022,29/10/2023,26751.68
973,10.81,38,12/10/2023,03/04/2020,14/02/2024,67111.87
974,8.42,47,22/01/2024,28/11/2020,18/06/2023,64196.7
975,10.69,54,18/05/2023,23/06/2021,24/08/2023,18576.23
976,3.75,56,01/04/2023,27/08/2022,28/09/2023,142270.39
977,6.63,41,05/03/2024,13/12/2019,30/03/2024,55426.2
978,7.43,34,10/03/2023,30/09/2023,01/09/2023,95098.5
979,8.28,34,11/01/2024,15/11/2020,24/05/2023,91824.51
980,5.22,50,14/04/2023,10/06/2021,23/11/2023,85514.29
981,3.73,41,08/07/2023,15/02/2023,01/04/2024,21396.75
982,11.42,59,17/11/2023,14/06/2023,01/03/2024,68622.94
983,2.71,57,25/02/2023,04/03/2024,31/03/2024,17250.02
984,3.44,40,16/02/2024,29/06/2022,06/01/2024,94221.67
985,2.87,34,02/09/2023,15/11/2020,17/04/2024,7193.05
986,3.68,50,24/06/2023,08/10/2020,17/08/2023,14651.7
987,2.89,46,05/10/2023,04/09/2020,16/07/2023,88927.7
988,8.02,30,13/04/2023,07/08/2021,02/06/2023,75344.32
989,3.64,53,17/12/2023,17/06/2020,29/03/2024,3586.14
990,2.92,45,08/09/2023,16/02/2020,10/03/2024,38989.38
991,11.32,47,14/06/2023,29/09/2023,22/07/2023,11115.99
992,10.26,41,02/06/2023,07/05/2021,27/02/2024,147495.56
993,2.59,35,02/09/2023,03/11/2022,12/06/2023,48927.75
994,10.8,54,31/01/2024,10/05/2023,16/12/2023,107455.48
995,8.88,34,29/10/2023,28/02/2022,30/03/2024,29711.44
996,11.14,40,08/10/2023,09/09/2023,16/08/2023,55012.29
997,10.68,51,01/10/2023,22/08/2023,07/07/2023,23542.07
998,5.02,49,24/11/2023,28/11/2021,21/10/2023,77254.07
999,3.88,50,12/04/2023,03/05/2023,28/05/2023,59432.2
1000,4.08,38,18/12/2023,07/02/2021,07/08/2023,53021.35
